name,year,e1,e2,e3,e4,e5
ABQ SCHOOL OF EXCELLENCE,2014,1,6,10,0,0
ABQ SCHOOL OF EXCELLENCE,2015,1,7,14,0,0
ABQ SCHOOL OF EXCELLENCE,2016,0,5,12,5,0
ABQ SCHOOL OF EXCELLENCE,2017,0,9,13,7,0
ABQ SCHOOL OF EXCELLENCE,2018,3,5,10,10,1
ABQ SIGN LANGUAGE ACADEMY,2014,0,8,1,0,0
ABQ SIGN LANGUAGE ACADEMY,2015,0,3,8,0,1
ABQ SIGN LANGUAGE ACADEMY,2016,0,1,8,1,0
ABQ SIGN LANGUAGE ACADEMY,2017,0,2,7,2,0
ABQ SIGN LANGUAGE ACADEMY,2018,0,2,5,4,0
ACADEMY OF TRADES AND TECH,2014,0,3,3,0,0
ACADEMY OF TRADES AND TECH,2015,0,5,3,0,0
ACADEMY OF TRADES AND TECH,2016,1,3,1,0,0
ACADEMY OF TRADES AND TECH,2017,3,2,1,0,1
ACADEMY OF TRADES AND TECH,2018,1,4,1,0,0
ACE LEADERSHIP HIGH SCHOOL,2014,0,2,4,0,0
ACE LEADERSHIP HIGH SCHOOL,2015,0,6,7,1,0
ACE LEADERSHIP HIGH SCHOOL,2016,3,4,8,1,0
ACE LEADERSHIP HIGH SCHOOL,2017,0,4,12,4,0
ACE LEADERSHIP HIGH SCHOOL,2018,1,1,13,2,0
ALAMOGORDO,2014,5,88,207,36,9
ALAMOGORDO,2015,2,63,179,92,7
ALAMOGORDO,2016,12,92,132,82,15
ALAMOGORDO,2017,6,85,146,73,28
ALAMOGORDO,2018,3,68,128,89,24
ALBUQUERQUE,2014,89,941,3330,1386,75
ALBUQUERQUE,2015,284,1320,2618,1534,147
ALBUQUERQUE,2016,310,1533,2366,1381,176
ALBUQUERQUE,2017,177,1356,2534,1503,211
ALBUQUERQUE,2018,171,1292,2400,1386,192
ALBUQUERQUE INSTITUTE OF MATH & SCIENCE,2014,0,2,7,8,0
ALBUQUERQUE INSTITUTE OF MATH & SCIENCE,2015,1,6,10,2,0
ALBUQUERQUE INSTITUTE OF MATH & SCIENCE,2016,0,7,7,6,0
ALBUQUERQUE INSTITUTE OF MATH & SCIENCE,2017,2,7,5,6,0
ALBUQUERQUE INSTITUTE OF MATH & SCIENCE,2018,0,4,7,6,0
ALDO LEOPOLD CHARTER,2014,0,2,5,5,0
ALDO LEOPOLD CHARTER,2015,0,1,5,7,0
ALDO LEOPOLD CHARTER,2016,0,3,4,7,0
ALDO LEOPOLD CHARTER,2017,0,4,5,7,0
ALDO LEOPOLD CHARTER,2018,0,4,6,5,1
ALMA D'ARTE CHARTER,2014,0,1,5,5,0
ALMA D'ARTE CHARTER,2015,0,0,3,15,0
ALMA D'ARTE CHARTER,2016,0,2,5,6,3
ALMA D'ARTE CHARTER,2017,0,1,2,10,2
ALMA D'ARTE CHARTER,2018,0,0,7,8,2
AMY BIEHL CHARTER HIGH SCHOOL,2014,0,0,15,8,0
AMY BIEHL CHARTER HIGH SCHOOL,2015,0,1,7,16,0
AMY BIEHL CHARTER HIGH SCHOOL,2016,0,1,10,16,1
AMY BIEHL CHARTER HIGH SCHOOL,2017,0,1,7,15,4
AMY BIEHL CHARTER HIGH SCHOOL,2018,0,1,7,13,5
ANIMAS,2014,0,3,12,2,0
ANIMAS,2015,0,2,8,5,0
ANIMAS,2016,0,1,5,5,3
ANIMAS,2017,0,3,4,8,0
ANIMAS,2018,0,2,5,7,0
ANTHONY CHARTER SCHOOL,2014,1,2,2,0,0
ANTHONY CHARTER SCHOOL,2015,0,0,6,0,0
ANTHONY CHARTER SCHOOL,2016,1,1,2,2,0
ANTHONY CHARTER SCHOOL,2017,1,3,4,1,0
ANTHONY CHARTER SCHOOL,2018,2,2,2,0,0
ARTESIA,2014,3,40,155,24,0
ARTESIA,2015,10,63,140,44,0
ARTESIA,2016,4,48,147,63,1
ARTESIA,2017,1,32,126,84,5
ARTESIA,2018,1,27,115,91,10
AZTEC,2014,0,26,128,52,4
AZTEC,2015,1,43,101,62,4
AZTEC,2016,7,35,101,45,10
AZTEC,2017,6,44,80,54,13
AZTEC,2018,2,38,78,38,17
BELEN,2014,5,63,171,17,0
BELEN,2015,5,92,127,21,3
BELEN,2016,19,69,101,54,2
BELEN,2017,11,74,98,56,4
BELEN,2018,8,50,95,53,14
BERNALILLO,2014,6,47,110,40,2
BERNALILLO,2015,8,51,111,45,2
BERNALILLO,2016,17,45,90,51,14
BERNALILLO,2017,13,65,89,42,7
BERNALILLO,2018,9,64,75,56,6
BLOOMFIELD,2014,4,51,114,18,2
BLOOMFIELD,2015,4,50,89,35,3
BLOOMFIELD,2016,14,42,99,34,6
BLOOMFIELD,2017,9,46,76,44,2
BLOOMFIELD,2018,8,37,73,38,4
CAPITAN,2014,1,3,18,15,3
CAPITAN,2015,0,7,14,13,2
CAPITAN,2016,0,5,9,17,5
CAPITAN,2017,0,3,9,20,4
CAPITAN,2018,0,0,14,15,10
CARINOS DE LOS NINOS,2014,0,0,0,0,0
CARINOS DE LOS NINOS,2015,0,0,0,0,0
CARINOS DE LOS NINOS,2016,0,0,0,0,0
CARINOS DE LOS NINOS,2017,1,1,2,3,0
CARINOS DE LOS NINOS,2018,1,0,2,0,0
CARLSBAD,2014,5,101,223,27,0
CARLSBAD,2015,22,130,150,73,4
CARLSBAD,2016,20,80,151,100,20
CARLSBAD,2017,11,81,144,123,23
CARLSBAD,2018,7,75,156,124,37
CARRIZOZO,2014,0,4,13,0,0
CARRIZOZO,2015,1,7,5,4,0
CARRIZOZO,2016,1,3,6,6,0
CARRIZOZO,2017,0,1,8,4,3
CARRIZOZO,2018,0,0,12,12,1
CENTRAL CONS.,2014,13,96,219,53,1
CENTRAL CONS.,2015,42,185,162,21,1
CENTRAL CONS.,2016,49,134,165,56,3
CENTRAL CONS.,2017,30,109,166,87,6
CENTRAL CONS.,2018,21,104,140,88,12
CESAR CHAVEZ COMMUNITY SCHOOL,2014,1,0,7,5,0
CESAR CHAVEZ COMMUNITY SCHOOL,2015,0,1,9,1,0
CESAR CHAVEZ COMMUNITY SCHOOL,2016,0,0,9,1,0
CESAR CHAVEZ COMMUNITY SCHOOL,2017,0,2,4,6,0
CESAR CHAVEZ COMMUNITY SCHOOL,2018,1,1,4,5,0
CHAMA,2014,0,9,18,0,0
CHAMA,2015,5,12,15,2,0
CHAMA,2016,1,14,16,4,0
CHAMA,2017,3,10,9,11,0
CHAMA,2018,1,11,10,10,1
CIEN AGUAS INTERNATIONAL  SCHOO,2014,1,1,17,2,0
CIEN AGUAS INTERNATIONAL  SCHOO,2015,0,0,0,0,0
CIEN AGUAS INTERNATIONAL  SCHOO,2016,0,0,0,0,0
CIEN AGUAS INTERNATIONAL  SCHOO,2017,0,0,0,0,0
CIEN AGUAS INTERNATIONAL  SCHOO,2018,0,0,0,0,0
CIEN AGUAS INTERNATIONAL  SCHOOL,2014,0,0,0,0,0
CIEN AGUAS INTERNATIONAL  SCHOOL,2015,0,0,0,0,0
CIEN AGUAS INTERNATIONAL  SCHOOL,2016,1,3,10,9,1
CIEN AGUAS INTERNATIONAL  SCHOOL,2017,0,4,8,11,4
CIEN AGUAS INTERNATIONAL  SCHOOL,2018,0,0,0,0,0
CIMARRON,2014,1,4,21,17,2
CIMARRON,2015,0,7,26,10,1
CIMARRON,2016,1,15,16,11,1
CIMARRON,2017,1,12,16,11,4
CIMARRON,2018,0,10,9,8,1
CLAYTON,2014,0,3,22,11,1
CLAYTON,2015,0,3,11,22,1
CLAYTON,2016,2,12,20,4,0
CLAYTON,2017,1,11,13,8,0
CLAYTON,2018,2,16,14,8,1
CLOUDCROFT,2014,1,2,14,10,0
CLOUDCROFT,2015,0,2,11,11,1
CLOUDCROFT,2016,1,3,9,12,3
CLOUDCROFT,2017,0,1,7,12,4
CLOUDCROFT,2018,0,3,7,21,6
CLOVIS,2014,6,75,353,64,3
CLOVIS,2015,7,139,273,80,4
CLOVIS,2016,9,97,249,127,15
CLOVIS,2017,6,116,244,125,12
CLOVIS,2018,8,82,197,144,27
COBRE CONS.,2014,2,20,51,13,2
COBRE CONS.,2015,4,27,48,19,0
COBRE CONS.,2016,4,17,45,18,2
COBRE CONS.,2017,0,11,38,25,9
COBRE CONS.,2018,1,8,40,41,13
CORAL COMMUNITY CHARTER,2014,0,0,0,5,1
CORAL COMMUNITY CHARTER,2015,0,0,1,4,4
CORAL COMMUNITY CHARTER,2016,0,1,6,5,2
CORAL COMMUNITY CHARTER,2017,1,0,7,6,3
CORAL COMMUNITY CHARTER,2018,0,1,6,4,3
CORONA,2014,0,0,9,4,0
CORONA,2015,0,0,8,6,0
CORONA,2016,0,0,5,7,1
CORONA,2017,0,0,6,8,0
CORONA,2018,0,0,5,7,1
COTTONWOOD CLASSICAL PREP,2014,0,5,20,8,1
COTTONWOOD CLASSICAL PREP,2015,1,9,25,6,0
COTTONWOOD CLASSICAL PREP,2016,2,8,14,18,1
COTTONWOOD CLASSICAL PREP,2017,2,4,20,17,2
COTTONWOOD CLASSICAL PREP,2018,0,3,18,21,3
CREATIVE ED PREP #1,2014,1,5,6,1,0
CREATIVE ED PREP #1,2015,0,0,0,0,0
CREATIVE ED PREP #1,2016,1,4,3,2,0
CREATIVE ED PREP #1,2017,0,0,0,0,0
CREATIVE ED PREP #1,2018,0,0,0,0,0
CUBA,2014,3,14,19,11,1
CUBA,2015,7,8,22,11,1
CUBA,2016,1,16,25,5,2
CUBA,2017,3,16,23,7,0
CUBA,2018,2,12,17,9,3
DEAP,2014,0,0,0,0,0
DEAP,2015,0,0,0,0,0
DEAP,2016,0,0,0,1,0
DEAP,2017,0,0,0,0,0
DEAP,2018,0,2,0,1,0
DEMING,2014,6,113,163,18,5
DEMING,2015,2,99,144,64,7
DEMING,2016,32,96,120,57,12
DEMING,2017,14,77,111,85,23
DEMING,2018,12,69,98,81,29
DES MOINES,2014,0,0,6,5,3
DES MOINES,2015,0,0,5,8,0
DES MOINES,2016,0,0,9,4,0
DES MOINES,2017,0,0,8,5,0
DES MOINES,2018,0,0,11,2,1
DEXTER,2014,3,11,46,7,0
DEXTER,2015,2,11,40,16,0
DEXTER,2016,6,13,28,18,1
DEXTER,2017,1,18,23,20,2
DEXTER,2018,2,10,20,18,4
DORA,2014,0,2,9,10,0
DORA,2015,0,2,10,9,0
DORA,2016,0,2,7,12,1
DORA,2017,0,3,7,11,0
DORA,2018,1,3,9,13,0
DREAM DINE,2014,0,0,0,0,0
DREAM DINE,2015,0,1,0,0,0
DREAM DINE,2016,0,0,0,0,0
DREAM DINE,2017,0,0,1,0,0
DREAM DINE,2018,0,2,0,0,0
DULCE,2014,2,13,31,8,0
DULCE,2015,1,6,25,31,2
DULCE,2016,2,16,23,3,0
DULCE,2017,5,18,26,5,0
DULCE,2018,1,11,26,5,0
EAST MTN HIGH SCHOOL,2014,0,0,10,15,0
EAST MTN HIGH SCHOOL,2015,0,0,0,0,0
EAST MTN HIGH SCHOOL,2016,0,6,14,2,0
EAST MTN HIGH SCHOOL,2017,0,0,0,0,0
EAST MTN HIGH SCHOOL,2018,0,0,0,0,0
ELIDA,2014,0,1,11,4,0
ELIDA,2015,0,0,8,10,0
ELIDA,2016,0,1,7,6,2
ELIDA,2017,0,2,3,9,1
ELIDA,2018,0,1,6,9,8
ESPANOLA,2014,16,53,117,51,6
ESPANOLA,2015,8,65,118,41,15
ESPANOLA,2016,20,59,94,51,14
ESPANOLA,2017,11,61,91,58,6
ESPANOLA,2018,13,47,91,45,4
ESTANCIA,2014,4,21,31,1,0
ESTANCIA,2015,2,13,23,15,0
ESTANCIA,2016,2,7,24,15,1
ESTANCIA,2017,1,17,23,5,0
ESTANCIA,2018,2,22,18,7,1
ESTANCIA VALLEY CLASSICAL ACADEMY,2014,0,0,0,0,0
ESTANCIA VALLEY CLASSICAL ACADEMY,2015,1,0,15,6,1
ESTANCIA VALLEY CLASSICAL ACADEMY,2016,4,7,3,5,1
ESTANCIA VALLEY CLASSICAL ACADEMY,2017,3,10,7,7,0
ESTANCIA VALLEY CLASSICAL ACADEMY,2018,3,8,11,4,0
EUNICE,2014,2,9,27,7,0
EUNICE,2015,1,9,28,9,0
EUNICE,2016,1,11,20,17,2
EUNICE,2017,1,5,22,20,1
EUNICE,2018,1,11,23,12,2
EXPLORE ACADEMY,2014,0,0,0,0,0
EXPLORE ACADEMY,2015,0,3,0,6,2
EXPLORE ACADEMY,2016,0,0,4,9,5
EXPLORE ACADEMY,2017,0,0,2,8,9
EXPLORE ACADEMY,2018,0,0,3,9,10
FARMINGTON,2014,13,194,460,39,0
FARMINGTON,2015,12,147,400,134,5
FARMINGTON,2016,32,120,330,198,26
FARMINGTON,2017,9,115,291,210,43
FARMINGTON,2018,7,85,238,218,68
FLOYD,2014,0,3,14,5,0
FLOYD,2015,0,1,11,9,0
FLOYD,2016,0,3,10,9,1
FLOYD,2017,0,0,6,12,4
FLOYD,2018,0,2,7,14,4
FT SUMNER,2014,0,2,24,5,0
FT SUMNER,2015,0,4,21,6,0
FT SUMNER,2016,0,8,15,6,0
FT SUMNER,2017,2,6,18,5,0
FT SUMNER,2018,3,9,17,5,1
GADSDEN,2014,35,159,529,134,10
GADSDEN,2015,8,153,500,247,11
GADSDEN,2016,73,223,385,208,31
GADSDEN,2017,62,249,342,218,26
GADSDEN,2018,44,191,296,228,37
GALLUP,2014,27,190,464,66,2
GALLUP,2015,37,199,416,97,6
GALLUP,2016,63,208,327,130,13
GALLUP,2017,41,216,332,152,22
GALLUP,2018,42,212,277,156,33
GILBERT L SENA CHARTER HS,2014,1,4,7,2,0
GILBERT L SENA CHARTER HS,2015,0,6,6,2,1
GILBERT L SENA CHARTER HS,2016,0,4,7,2,0
GILBERT L SENA CHARTER HS,2017,0,4,6,3,0
GILBERT L SENA CHARTER HS,2018,1,4,5,2,0
GRADY,2014,1,5,11,0,0
GRADY,2015,0,1,10,3,0
GRADY,2016,0,3,6,6,1
GRADY,2017,0,1,7,6,2
GRADY,2018,0,5,7,8,7
GRANTS,2014,11,45,123,30,6
GRANTS,2015,14,45,111,58,12
GRANTS,2016,24,62,71,44,6
GRANTS,2017,11,49,105,66,9
GRANTS,2018,14,68,97,54,7
HAGERMAN,2014,2,12,14,5,0
HAGERMAN,2015,0,6,16,8,0
HAGERMAN,2016,2,12,11,5,2
HAGERMAN,2017,2,7,11,10,2
HAGERMAN,2018,1,5,20,6,1
HATCH,2014,2,26,50,5,0
HATCH,2015,5,27,48,4,0
HATCH,2016,8,25,43,9,0
HATCH,2017,10,27,27,13,1
HATCH,2018,14,28,18,13,2
HEALTH LEADERSHIP HIGH SCHOOL,2014,0,1,5,0,0
HEALTH LEADERSHIP HIGH SCHOOL,2015,1,1,3,2,0
HEALTH LEADERSHIP HIGH SCHOOL,2016,1,2,3,4,0
HEALTH LEADERSHIP HIGH SCHOOL,2017,0,3,6,3,0
HEALTH LEADERSHIP HIGH SCHOOL,2018,1,1,6,3,0
HOBBS,2014,13,83,256,131,7
HOBBS,2015,12,103,242,135,31
HOBBS,2016,35,91,208,156,44
HOBBS,2017,18,92,223,180,39
HOBBS,2018,7,89,198,186,43
HONDO,2014,1,1,12,1,0
HONDO,2015,0,0,12,3,0
HONDO,2016,0,2,9,5,0
HONDO,2017,0,1,7,5,3
HONDO,2018,0,3,10,4,0
HORIZON ACADEMY WEST,2014,0,1,19,4,0
HORIZON ACADEMY WEST,2015,0,1,9,14,2
HORIZON ACADEMY WEST,2016,2,5,9,12,0
HORIZON ACADEMY WEST,2017,1,2,17,5,1
HORIZON ACADEMY WEST,2018,0,2,15,8,2
HOUSE,2014,0,2,4,8,0
HOUSE,2015,0,2,6,6,0
HOUSE,2016,0,3,2,9,0
HOUSE,2017,0,2,9,2,1
HOUSE,2018,0,7,11,1,0
INTERNATIONAL SCHOOL AT MESA DEL SOL,2014,0,0,0,0,0
INTERNATIONAL SCHOOL AT MESA DEL SOL,2015,0,0,0,0,0
INTERNATIONAL SCHOOL AT MESA DEL SOL,2016,2,8,12,3,0
INTERNATIONAL SCHOOL AT MESA DEL SOL,2017,1,15,11,2,0
INTERNATIONAL SCHOOL AT MESA DEL SOL,2018,0,0,0,0,0
J PAUL TAYLOR ACADEMY,2014,0,0,7,4,2
J PAUL TAYLOR ACADEMY,2015,0,1,7,4,2
J PAUL TAYLOR ACADEMY,2016,3,0,5,6,1
J PAUL TAYLOR ACADEMY,2017,0,2,3,10,2
J PAUL TAYLOR ACADEMY,2018,0,1,2,8,1
JAL,2014,0,11,14,2,0
JAL,2015,1,12,14,2,0
JAL,2016,4,7,17,4,0
JAL,2017,0,7,10,13,3
JAL,2018,0,5,15,15,3
JEMEZ MOUNTAIN,2014,0,3,10,3,0
JEMEZ MOUNTAIN,2015,2,8,14,3,0
JEMEZ MOUNTAIN,2016,0,0,1,2,1
JEMEZ MOUNTAIN,2017,4,9,7,1,0
JEMEZ MOUNTAIN,2018,2,4,5,3,0
JEMEZ VALLEY,2014,2,13,16,1,0
JEMEZ VALLEY,2015,1,5,21,7,2
JEMEZ VALLEY,2016,2,6,19,8,0
JEMEZ VALLEY,2017,1,11,16,5,0
JEMEZ VALLEY,2018,0,13,16,9,0
LA ACADEMIA DOLORES HUERTA,2014,0,0,0,0,0
LA ACADEMIA DOLORES HUERTA,2015,0,0,0,0,0
LA ACADEMIA DOLORES HUERTA,2016,0,0,0,0,0
LA ACADEMIA DOLORES HUERTA,2017,0,6,4,0,1
LA ACADEMIA DOLORES HUERTA,2018,4,4,1,0,0
LA JICARITA COMMUNITY SCHOOL,2014,0,0,0,0,0
LA JICARITA COMMUNITY SCHOOL,2015,0,0,0,0,0
LA JICARITA COMMUNITY SCHOOL,2016,1,1,0,1,0
LA JICARITA COMMUNITY SCHOOL,2017,0,0,0,0,0
LA JICARITA COMMUNITY SCHOOL,2018,0,0,0,0,0
LA PROMESA EARLY LEARNING,2014,0,1,14,7,0
LA PROMESA EARLY LEARNING,2015,0,5,18,4,1
LA PROMESA EARLY LEARNING,2016,1,9,7,3,2
LA PROMESA EARLY LEARNING,2017,1,3,11,6,2
LA PROMESA EARLY LEARNING,2018,1,2,8,3,1
LA RESOLANA LEADERSHIP,2014,0,1,3,1,0
LA RESOLANA LEADERSHIP,2015,0,0,0,0,0
LA RESOLANA LEADERSHIP,2016,0,0,4,1,1
LA RESOLANA LEADERSHIP,2017,0,1,0,1,1
LA RESOLANA LEADERSHIP,2018,0,0,0,0,0
LA TIERRA MONTESSORI SCHOOL,2014,0,0,2,1,1
LA TIERRA MONTESSORI SCHOOL,2015,0,2,2,2,0
LA TIERRA MONTESSORI SCHOOL,2016,0,2,6,2,0
LA TIERRA MONTESSORI SCHOOL,2017,1,2,4,3,0
LA TIERRA MONTESSORI SCHOOL,2018,1,2,3,0,0
LAKE ARTHUR,2014,1,5,4,0,0
LAKE ARTHUR,2015,1,11,33,21,6
LAKE ARTHUR,2016,0,4,6,0,0
LAKE ARTHUR,2017,0,3,7,1,0
LAKE ARTHUR,2018,1,8,10,1,0
LAS CRUCES,2014,8,213,874,370,15
LAS CRUCES,2015,34,281,848,347,13
LAS CRUCES,2016,32,275,775,389,37
LAS CRUCES,2017,35,295,649,413,53
LAS CRUCES,2018,29,269,628,412,50
LAS MONTANAS CHARTER,2014,0,0,0,0,0
LAS MONTANAS CHARTER,2015,0,0,0,0,0
LAS MONTANAS CHARTER,2016,0,0,0,0,0
LAS MONTANAS CHARTER,2017,0,2,8,3,0
LAS MONTANAS CHARTER,2018,0,1,7,5,0
LAS VEGAS CITY,2014,3,45,54,7,0
LAS VEGAS CITY,2015,7,48,46,7,0
LAS VEGAS CITY,2016,15,39,36,13,2
LAS VEGAS CITY,2017,3,26,36,28,3
LAS VEGAS CITY,2018,1,14,62,35,1
LOGAN,2014,1,7,12,1,0
LOGAN,2015,0,5,11,5,0
LOGAN,2016,0,5,12,4,1
LOGAN,2017,0,4,9,8,1
LOGAN,2018,0,15,13,15,0
LORDSBURG,2014,2,8,19,9,0
LORDSBURG,2015,1,7,21,10,0
LORDSBURG,2016,5,5,15,11,1
LORDSBURG,2017,1,8,11,8,2
LORDSBURG,2018,0,17,2,12,4
LOS ALAMOS,2014,0,12,111,112,19
LOS ALAMOS,2015,0,7,73,136,31
LOS ALAMOS,2016,2,27,84,100,28
LOS ALAMOS,2017,1,19,91,118,32
LOS ALAMOS,2018,1,20,83,133,62
LOS LUNAS,2014,32,97,204,114,7
LOS LUNAS,2015,64,143,138,92,17
LOS LUNAS,2016,27,86,182,122,11
LOS LUNAS,2017,13,108,171,122,25
LOS LUNAS,2018,7,123,156,126,17
LOVING,2014,0,13,27,1,0
LOVING,2015,0,14,22,5,0
LOVING,2016,2,5,18,13,2
LOVING,2017,1,6,13,14,5
LOVING,2018,1,5,10,17,6
LOVINGTON,2014,13,44,118,24,3
LOVINGTON,2015,7,59,83,48,8
LOVINGTON,2016,21,62,70,35,22
LOVINGTON,2017,10,51,72,44,13
LOVINGTON,2018,3,65,76,58,13
MAGDALENA,2014,0,11,18,4,0
MAGDALENA,2015,2,5,23,4,0
MAGDALENA,2016,1,13,13,11,2
MAGDALENA,2017,0,12,13,9,2
MAGDALENA,2018,0,7,15,6,4
MAXWELL,2014,0,5,6,3,0
MAXWELL,2015,0,2,11,3,0
MAXWELL,2016,0,1,9,4,1
MAXWELL,2017,1,0,5,7,1
MAXWELL,2018,0,4,8,6,2
MCCURDY CHARTER SCHOOL,2014,0,12,18,2,0
MCCURDY CHARTER SCHOOL,2015,1,4,22,1,0
MCCURDY CHARTER SCHOOL,2016,1,9,12,7,0
MCCURDY CHARTER SCHOOL,2017,1,10,15,6,0
MCCURDY CHARTER SCHOOL,2018,1,2,7,7,0
MEDIA ARTS COLLABORATIVE CHARTER,2014,0,1,1,5,9
MEDIA ARTS COLLABORATIVE CHARTER,2015,0,2,6,5,4
MEDIA ARTS COLLABORATIVE CHARTER,2016,0,0,4,7,7
MEDIA ARTS COLLABORATIVE CHARTER,2017,1,1,10,7,2
MEDIA ARTS COLLABORATIVE CHARTER,2018,0,1,7,10,0
MELROSE,2014,1,3,13,2,0
MELROSE,2015,0,1,7,11,0
MELROSE,2016,0,5,12,3,0
MELROSE,2017,0,2,13,5,0
MELROSE,2018,0,0,12,11,1
MESA VISTA,2014,1,15,9,0,0
MESA VISTA,2015,3,10,10,3,0
MESA VISTA,2016,3,8,7,6,0
MESA VISTA,2017,4,6,7,3,0
MESA VISTA,2018,0,10,11,3,1
MISSION ACHIEVEMENT AND SUCCESS,2014,0,0,1,1,1
MISSION ACHIEVEMENT AND SUCCESS,2015,0,3,15,7,6
MISSION ACHIEVEMENT AND SUCCESS,2016,1,4,21,13,9
MISSION ACHIEVEMENT AND SUCCESS,2017,1,5,34,18,10
MISSION ACHIEVEMENT AND SUCCESS,2018,0,4,12,11,4
MONTE DEL SOL CHARTER,2014,0,0,0,0,0
MONTE DEL SOL CHARTER,2015,0,0,0,0,0
MONTE DEL SOL CHARTER,2016,0,0,0,0,0
MONTE DEL SOL CHARTER,2017,0,3,9,6,6
MONTE DEL SOL CHARTER,2018,0,4,7,4,7
MONTESSORI ELEMENTARY SCHOOL,2014,0,3,15,1,0
MONTESSORI ELEMENTARY SCHOOL,2015,0,2,11,7,1
MONTESSORI ELEMENTARY SCHOOL,2016,0,1,7,10,3
MONTESSORI ELEMENTARY SCHOOL,2017,0,1,11,8,3
MONTESSORI ELEMENTARY SCHOOL,2018,0,0,9,9,0
MORA,2014,0,7,22,5,0
MORA,2015,0,6,24,8,1
MORA,2016,2,14,17,3,0
MORA,2017,1,5,16,14,0
MORA,2018,0,9,21,12,0
MORIARTY-EDGEWOOD,2014,1,11,99,47,2
MORIARTY-EDGEWOOD,2015,3,28,88,30,2
MORIARTY-EDGEWOOD,2016,12,38,74,21,0
MORIARTY-EDGEWOOD,2017,4,46,66,20,2
MORIARTY-EDGEWOOD,2018,3,36,64,26,1
MOSQUERO,2014,0,0,0,0,0
MOSQUERO,2015,0,0,7,1,0
MOSQUERO,2016,0,1,7,0,0
MOSQUERO,2017,0,1,5,2,0
MOSQUERO,2018,0,3,6,0,0
MOUNTAINAIR,2014,0,3,18,2,0
MOUNTAINAIR,2015,1,10,11,2,0
MOUNTAINAIR,2016,0,5,8,8,0
MOUNTAINAIR,2017,0,6,11,4,0
MOUNTAINAIR,2018,3,9,7,4,0
NEW AMERICA SCHOOL,2014,1,6,9,3,0
NEW AMERICA SCHOOL,2015,1,9,4,1,0
NEW AMERICA SCHOOL,2016,0,2,10,2,0
NEW AMERICA SCHOOL,2017,0,3,9,2,0
NEW AMERICA SCHOOL,2018,0,3,8,2,0
NEW AMERICA SCHOOL - LAS CRUCES,2014,2,3,4,6,0
NEW AMERICA SCHOOL - LAS CRUCES,2015,1,1,6,4,0
NEW AMERICA SCHOOL - LAS CRUCES,2016,0,3,2,2,1
NEW AMERICA SCHOOL - LAS CRUCES,2017,2,3,3,1,0
NEW AMERICA SCHOOL - LAS CRUCES,2018,0,1,5,2,1
NEW MEXICO CONNECTIONS ACADEMY,2014,0,0,0,0,0
NEW MEXICO CONNECTIONS ACADEMY,2015,1,7,10,3,0
NEW MEXICO CONNECTIONS ACADEMY,2016,2,10,18,3,0
NEW MEXICO CONNECTIONS ACADEMY,2017,0,12,28,7,0
NEW MEXICO CONNECTIONS ACADEMY,2018,0,4,25,12,2
NEW MEXICO INTERNATIONAL SCHOOL,2014,0,0,0,0,0
NEW MEXICO INTERNATIONAL SCHOOL,2015,0,0,0,0,0
NEW MEXICO INTERNATIONAL SCHOOL,2016,0,1,3,8,2
NEW MEXICO INTERNATIONAL SCHOOL,2017,0,0,0,0,0
NEW MEXICO INTERNATIONAL SCHOOL,2018,0,0,0,0,0
NM SCHOOL FOR ARTS,2014,0,0,5,7,7
NM SCHOOL FOR ARTS,2015,0,1,4,7,6
NM SCHOOL FOR ARTS,2016,0,1,3,7,7
NM SCHOOL FOR ARTS,2017,0,1,4,7,7
NM SCHOOL FOR ARTS,2018,0,2,5,6,3
NORTH VALLEY CHARTER,2014,0,5,8,5,0
NORTH VALLEY CHARTER,2015,1,6,18,6,0
NORTH VALLEY CHARTER,2016,3,5,16,7,1
NORTH VALLEY CHARTER,2017,1,9,13,9,2
NORTH VALLEY CHARTER,2018,1,5,12,5,1
PECOS,2014,1,12,31,1,0
PECOS,2015,0,10,26,8,0
PECOS,2016,6,8,21,5,2
PECOS,2017,4,12,14,10,0
PECOS,2018,1,10,16,5,0
PENASCO,2014,0,9,19,0,0
PENASCO,2015,2,11,15,1,0
PENASCO,2016,2,7,18,4,0
PENASCO,2017,3,3,11,10,0
PENASCO,2018,1,9,16,13,4
POJOAQUE,2014,1,32,41,32,2
POJOAQUE,2015,9,29,46,24,4
POJOAQUE,2016,6,23,49,27,7
POJOAQUE,2017,5,35,54,15,9
POJOAQUE,2018,11,31,52,18,5
PORTALES,2014,1,39,113,36,1
PORTALES,2015,6,56,71,42,8
PORTALES,2016,5,36,82,45,19
PORTALES,2017,1,28,87,53,13
PORTALES,2018,2,23,72,61,6
QUEMADO,2014,0,6,10,2,0
QUEMADO,2015,1,3,14,0,0
QUEMADO,2016,1,6,12,0,0
QUEMADO,2017,0,5,11,3,0
QUEMADO,2018,1,4,13,2,0
QUESTA,2014,1,7,19,6,0
QUESTA,2015,2,5,21,6,0
QUESTA,2016,3,8,18,2,0
QUESTA,2017,3,15,11,3,0
QUESTA,2018,4,23,16,5,0
RALPH J BUNCHE ACADEMY,2014,2,2,2,0,0
RALPH J BUNCHE ACADEMY,2015,0,0,0,0,0
RALPH J BUNCHE ACADEMY,2016,0,0,0,0,0
RALPH J BUNCHE ACADEMY,2017,0,0,0,0,0
RALPH J BUNCHE ACADEMY,2018,0,0,0,0,0
RATON,2014,3,26,42,11,0
RATON,2015,2,18,36,20,2
RATON,2016,7,21,33,14,1
RATON,2017,2,26,27,22,0
RATON,2018,2,16,21,16,0
RED RIVER VALLEY CHARTER SCHOOL,2014,0,0,1,2,1
RED RIVER VALLEY CHARTER SCHOOL,2015,0,0,3,4,0
RED RIVER VALLEY CHARTER SCHOOL,2016,0,1,3,3,1
RED RIVER VALLEY CHARTER SCHOOL,2017,0,0,3,4,0
RED RIVER VALLEY CHARTER SCHOOL,2018,0,0,1,4,0
RESERVE,2014,0,2,11,6,0
RESERVE,2015,0,3,5,6,4
RESERVE,2016,0,1,7,3,5
RESERVE,2017,0,1,3,8,4
RESERVE,2018,1,2,3,5,2
RIO RANCHO,2014,3,83,477,393,50
RIO RANCHO,2015,3,124,456,370,46
RIO RANCHO,2016,20,150,396,347,53
RIO RANCHO,2017,13,125,405,356,66
RIO RANCHO,2018,7,101,390,350,74
ROOTS AND WINGS COMMUNITY,2014,0,0,0,0,0
ROOTS AND WINGS COMMUNITY,2015,0,0,0,0,0
ROOTS AND WINGS COMMUNITY,2016,0,0,0,0,0
ROOTS AND WINGS COMMUNITY,2017,0,0,2,2,0
ROOTS AND WINGS COMMUNITY,2018,0,1,1,0,0
ROSWELL,2014,28,158,188,161,19
ROSWELL,2015,5,102,259,183,37
ROSWELL,2016,37,135,225,167,38
ROSWELL,2017,17,130,230,185,39
ROSWELL,2018,10,93,225,205,118
ROY,2014,0,0,7,2,0
ROY,2015,0,2,5,2,0
ROY,2016,0,1,10,0,0
ROY,2017,0,2,8,1,0
ROY,2018,0,0,8,2,0
RUIDOSO,2014,2,28,58,35,0
RUIDOSO,2015,2,19,55,45,2
RUIDOSO,2016,1,21,37,50,4
RUIDOSO,2017,4,24,35,47,6
RUIDOSO,2018,5,20,32,37,10
SAGE MONTESSORI CHARTER SCHOOL,2014,0,4,7,0,0
SAGE MONTESSORI CHARTER SCHOOL,2015,0,0,0,0,0
SAGE MONTESSORI CHARTER SCHOOL,2016,0,5,2,0,0
SAGE MONTESSORI CHARTER SCHOOL,2017,0,2,6,0,0
SAGE MONTESSORI CHARTER SCHOOL,2018,0,0,0,0,0
SAN JON,2014,1,7,5,0,0
SAN JON,2015,1,3,10,1,0
SAN JON,2016,0,4,10,2,0
SAN JON,2017,0,4,7,4,0
SAN JON,2018,0,5,11,6,0
SANDOVAL ACADEMY OF BILINGUAL EDUCATION,2014,0,0,0,0,0
SANDOVAL ACADEMY OF BILINGUAL EDUCATION,2015,0,0,0,0,0
SANDOVAL ACADEMY OF BILINGUAL EDUCATION,2016,0,1,2,0,0
SANDOVAL ACADEMY OF BILINGUAL EDUCATION,2017,0,1,4,1,0
SANDOVAL ACADEMY OF BILINGUAL EDUCATION,2018,1,2,2,0,0
SANTA FE,2014,27,248,418,124,7
SANTA FE,2015,23,279,449,165,12
SANTA FE,2016,64,269,429,245,35
SANTA FE,2017,25,243,376,273,50
SANTA FE,2018,31,214,324,250,33
SANTA ROSA,2014,0,6,35,10,0
SANTA ROSA,2015,0,10,30,11,0
SANTA ROSA,2016,1,7,21,16,5
SANTA ROSA,2017,1,9,29,12,2
SANTA ROSA,2018,0,7,26,13,2
SCHOOL OF DREAMS ACADEMY,2014,1,2,7,5,3
SCHOOL OF DREAMS ACADEMY,2015,1,4,7,9,3
SCHOOL OF DREAMS ACADEMY,2016,0,5,5,7,4
SCHOOL OF DREAMS ACADEMY,2017,2,8,13,2,0
SCHOOL OF DREAMS ACADEMY,2018,3,7,11,7,0
SILVER CITY,2014,10,37,102,33,2
SILVER CITY,2015,3,33,108,43,11
SILVER CITY,2016,10,24,73,49,5
SILVER CITY,2017,1,46,90,45,4
SILVER CITY,2018,1,32,86,44,6
SIX DIRECTIONS INDIGENOUS SCHOOL,2014,0,0,0,0,0
SIX DIRECTIONS INDIGENOUS SCHOOL,2015,0,0,0,0,0
SIX DIRECTIONS INDIGENOUS SCHOOL,2016,0,0,0,0,0
SIX DIRECTIONS INDIGENOUS SCHOOL,2017,0,0,1,1,0
SIX DIRECTIONS INDIGENOUS SCHOOL,2018,0,0,0,1,0
SOCORRO,2014,1,30,75,16,0
SOCORRO,2015,11,31,63,14,2
SOCORRO,2016,12,36,42,33,2
SOCORRO,2017,4,23,54,30,4
SOCORRO,2018,4,16,35,27,3
SOUTH VALLEY PREP,2014,0,1,9,1,0
SOUTH VALLEY PREP,2015,1,3,6,1,0
SOUTH VALLEY PREP,2016,0,2,6,2,0
SOUTH VALLEY PREP,2017,0,1,5,5,0
SOUTH VALLEY PREP,2018,1,0,4,6,0
SOUTHWEST INTERMEDIATE LEARNING,2014,0,1,2,1,0
SOUTHWEST INTERMEDIATE LEARNING,2015,0,0,0,0,0
SOUTHWEST INTERMEDIATE LEARNING,2016,0,0,0,0,0
SOUTHWEST INTERMEDIATE LEARNING,2017,0,0,0,0,0
SOUTHWEST INTERMEDIATE LEARNING,2018,0,0,0,0,0
SOUTHWEST INTERMEDIATE LEARNING CENTER,2014,0,0,0,0,0
SOUTHWEST INTERMEDIATE LEARNING CENTER,2015,0,0,0,0,0
SOUTHWEST INTERMEDIATE LEARNING CENTER,2016,0,2,2,2,0
SOUTHWEST INTERMEDIATE LEARNING CENTER,2017,1,0,2,4,0
SOUTHWEST INTERMEDIATE LEARNING CENTER,2018,0,0,0,0,0
SOUTHWEST PREPARATORY LEARNING CENTER,2014,0,1,3,1,0
SOUTHWEST PREPARATORY LEARNING CENTER,2015,0,3,1,2,0
SOUTHWEST PREPARATORY LEARNING CENTER,2016,0,1,3,2,0
SOUTHWEST PREPARATORY LEARNING CENTER,2017,0,1,0,4,1
SOUTHWEST PREPARATORY LEARNING CENTER,2018,0,2,3,3,0
SOUTHWEST SECONDARY LEARNING CENTER,2014,0,2,4,3,1
SOUTHWEST SECONDARY LEARNING CENTER,2015,0,1,5,2,0
SOUTHWEST SECONDARY LEARNING CENTER,2016,0,0,4,4,0
SOUTHWEST SECONDARY LEARNING CENTER,2017,0,1,2,6,0
SOUTHWEST SECONDARY LEARNING CENTER,2018,0,1,3,4,0
SPRINGER,2014,0,2,10,4,0
SPRINGER,2015,0,2,9,0,0
SPRINGER,2016,3,4,7,2,0
SPRINGER,2017,0,9,7,0,0
SPRINGER,2018,0,5,7,3,0
State Charters,2014,0,0,0,0,0
State Charters,2015,1,16,60,40,5
State Charters,2016,0,0,0,0,0
State Charters,2017,0,0,0,0,0
State Charters,2018,0,0,0,0,0
STUDENT ATHLETE HEADQUARTERS (SAHQ),2014,0,0,0,0,0
STUDENT ATHLETE HEADQUARTERS (SAHQ),2015,0,0,0,0,0
STUDENT ATHLETE HEADQUARTERS (SAHQ),2016,0,0,0,0,0
STUDENT ATHLETE HEADQUARTERS (SAHQ),2017,0,0,0,0,0
STUDENT ATHLETE HEADQUARTERS (SAHQ),2018,0,4,2,0,0
SW AERONAUTICS MATHEMATICS AND SCIENCE,2014,0,1,4,2,0
SW AERONAUTICS MATHEMATICS AND SCIENCE,2015,0,1,3,2,1
SW AERONAUTICS MATHEMATICS AND SCIENCE,2016,0,1,7,2,1
SW AERONAUTICS MATHEMATICS AND SCIENCE,2017,0,1,6,5,0
SW AERONAUTICS MATHEMATICS AND SCIENCE,2018,0,3,6,0,0
TAOS,2014,0,47,136,23,0
TAOS,2015,13,77,93,18,0
TAOS,2016,17,50,84,37,9
TAOS,2017,12,40,81,54,7
TAOS,2018,9,31,64,50,11
TAOS ACADEMY,2014,0,0,13,2,0
TAOS ACADEMY,2015,0,1,10,4,0
TAOS ACADEMY,2016,0,0,6,8,0
TAOS ACADEMY,2017,0,0,7,8,2
TAOS ACADEMY,2018,0,0,2,6,2
TAOS INTEGRATED SCHOOL OF THE ARTS,2014,0,2,4,3,0
TAOS INTEGRATED SCHOOL OF THE ARTS,2015,0,1,7,2,0
TAOS INTEGRATED SCHOOL OF THE ARTS,2016,0,0,5,4,1
TAOS INTEGRATED SCHOOL OF THE ARTS,2017,0,0,5,4,3
TAOS INTEGRATED SCHOOL OF THE ARTS,2018,0,0,3,2,4
TAOS INTERNATIONAL SCHOOL,2014,0,0,0,0,0
TAOS INTERNATIONAL SCHOOL,2015,0,0,2,1,0
TAOS INTERNATIONAL SCHOOL,2016,0,1,2,5,0
TAOS INTERNATIONAL SCHOOL,2017,0,0,5,7,1
TAOS INTERNATIONAL SCHOOL,2018,0,0,5,6,1
TATUM,2014,0,1,13,12,1
TATUM,2015,2,8,16,3,0
TATUM,2016,0,2,17,8,0
TATUM,2017,1,2,17,8,0
TATUM,2018,0,6,21,11,0
TECHNOLOGY LEADERSHIP,2014,0,0,0,0,0
TECHNOLOGY LEADERSHIP,2015,0,0,0,0,0
TECHNOLOGY LEADERSHIP,2016,0,0,4,0,0
TECHNOLOGY LEADERSHIP,2017,1,2,3,0,0
TECHNOLOGY LEADERSHIP,2018,0,4,3,2,0
TEXICO,2014,0,5,30,4,0
TEXICO,2015,0,8,19,11,0
TEXICO,2016,0,5,12,19,2
TEXICO,2017,0,0,9,23,6
TEXICO,2018,0,0,9,25,9
THE ASK ACADEMY,2014,0,3,11,3,0
THE ASK ACADEMY,2015,0,2,16,2,0
THE ASK ACADEMY,2016,0,3,12,8,1
THE ASK ACADEMY,2017,0,3,12,11,4
THE ASK ACADEMY,2018,0,1,12,16,3
THE GREAT ACADEMY,2014,0,0,4,2,0
THE GREAT ACADEMY,2015,0,2,4,1,0
THE GREAT ACADEMY,2016,0,2,6,0,0
THE GREAT ACADEMY,2017,0,1,4,2,0
THE GREAT ACADEMY,2018,1,1,1,3,0
THE LEARNING COMMUNITY,2014,0,2,5,4,0
THE LEARNING COMMUNITY,2015,0,0,0,0,0
THE LEARNING COMMUNITY,2016,0,0,0,0,0
THE LEARNING COMMUNITY,2017,0,0,0,0,0
THE LEARNING COMMUNITY,2018,0,0,0,0,0
THE MASTER PROGRAM,2014,0,0,3,4,1
THE MASTER PROGRAM,2015,0,1,3,5,0
THE MASTER PROGRAM,2016,0,2,5,3,0
THE MASTER PROGRAM,2017,0,2,3,4,0
THE MASTER PROGRAM,2018,0,1,5,3,0
TIERRA ADENTRO,2014,0,4,13,4,0
TIERRA ADENTRO,2015,0,10,15,1,0
TIERRA ADENTRO,2016,1,5,4,12,2
TIERRA ADENTRO,2017,0,7,6,9,0
TIERRA ADENTRO,2018,0,2,10,9,0
TIERRA ENCANTADA CHARTER SCHOOL,2014,0,0,0,0,0
TIERRA ENCANTADA CHARTER SCHOOL,2015,0,0,0,0,0
TIERRA ENCANTADA CHARTER SCHOOL,2016,0,0,0,0,0
TIERRA ENCANTADA CHARTER SCHOOL,2017,1,9,8,2,0
TIERRA ENCANTADA CHARTER SCHOOL,2018,0,10,5,1,0
TRUTH OR CONS.,2014,0,11,61,8,3
TRUTH OR CONS.,2015,0,9,55,21,2
TRUTH OR CONS.,2016,4,17,37,19,5
TRUTH OR CONS.,2017,1,22,44,9,5
TRUTH OR CONS.,2018,5,24,29,13,4
TUCUMCARI,2014,0,7,25,37,0
TUCUMCARI,2015,1,9,28,27,1
TUCUMCARI,2016,2,13,31,18,2
TUCUMCARI,2017,1,5,28,31,2
TUCUMCARI,2018,0,6,28,29,3
TULAROSA,2014,3,17,41,10,1
TULAROSA,2015,5,26,28,15,2
TULAROSA,2016,1,22,23,19,6
TULAROSA,2017,0,18,24,18,11
TULAROSA,2018,1,10,21,23,7
TURQUOISE TRAIL CHARTER SCHOOL,2014,0,0,0,0,0
TURQUOISE TRAIL CHARTER SCHOOL,2015,0,0,0,0,0
TURQUOISE TRAIL CHARTER SCHOOL,2016,0,0,0,0,0
TURQUOISE TRAIL CHARTER SCHOOL,2017,0,4,21,9,0
TURQUOISE TRAIL CHARTER SCHOOL,2018,0,1,20,13,0
UPLIFT COMMUNITY SCHOOL,2014,0,0,7,1,0
UPLIFT COMMUNITY SCHOOL,2015,0,0,0,0,0
UPLIFT COMMUNITY SCHOOL,2016,0,0,0,0,0
UPLIFT COMMUNITY SCHOOL,2017,1,4,1,1,0
UPLIFT COMMUNITY SCHOOL,2018,0,0,0,0,0
VAUGHN,2014,0,6,5,0,0
VAUGHN,2015,0,4,5,2,0
VAUGHN,2016,0,2,5,3,0
VAUGHN,2017,0,2,5,2,0
VAUGHN,2018,0,0,5,3,0
WAGON MOUND,2014,0,3,9,2,0
WAGON MOUND,2015,0,0,11,3,0
WAGON MOUND,2016,0,4,5,4,0
WAGON MOUND,2017,0,3,3,5,0
WAGON MOUND,2018,2,3,6,3,0
WALATOWA CHARTER HIGH,2014,0,1,1,0,0
WALATOWA CHARTER HIGH,2015,0,0,1,4,0
WALATOWA CHARTER HIGH,2016,0,0,1,4,1
WALATOWA CHARTER HIGH,2017,0,0,4,1,0
WALATOWA CHARTER HIGH,2018,0,1,4,0,0
WEST LAS VEGAS,2014,13,37,41,8,1
WEST LAS VEGAS,2015,10,44,34,7,3
WEST LAS VEGAS,2016,10,41,39,16,2
WEST LAS VEGAS,2017,1,37,46,17,2
WEST LAS VEGAS,2018,9,30,41,29,4
WILLIAM W &  JOSEPHINE DORN CHARTER  COMMUNITY SCHOOL,2014,0,0,0,0,0
WILLIAM W &  JOSEPHINE DORN CHARTER  COMMUNITY SCHOOL,2015,0,0,0,0,0
WILLIAM W &  JOSEPHINE DORN CHARTER  COMMUNITY SCHOOL,2016,0,0,0,0,0
WILLIAM W &  JOSEPHINE DORN CHARTER  COMMUNITY SCHOOL,2017,0,1,3,0,0
WILLIAM W &  JOSEPHINE DORN CHARTER  COMMUNITY SCHOOL,2018,0,0,0,0,0
WILLIAM W JOSEPHINE DORN CHARTE,2014,0,0,3,0,0
WILLIAM W JOSEPHINE DORN CHARTE,2015,0,0,0,0,0
WILLIAM W JOSEPHINE DORN CHARTE,2016,0,0,0,0,0
WILLIAM W JOSEPHINE DORN CHARTE,2017,0,0,0,0,0
WILLIAM W JOSEPHINE DORN CHARTE,2018,0,0,0,0,0
WILLIAM W JOSEPHINE DORN CHARTER,2014,0,0,0,0,0
WILLIAM W JOSEPHINE DORN CHARTER,2015,0,0,0,0,0
WILLIAM W JOSEPHINE DORN CHARTER,2016,0,1,2,0,0
WILLIAM W JOSEPHINE DORN CHARTER,2017,0,0,0,0,0
WILLIAM W JOSEPHINE DORN CHARTER,2018,0,0,0,0,0
ZUNI,2014,7,25,43,5,1
ZUNI,2015,2,33,43,4,1
ZUNI,2016,10,28,32,13,1
ZUNI,2017,11,35,21,15,0
ZUNI,2018,20,28,12,8,0
